C:/Users/beichen/dataset/pork\class2\IMG_20230329_080849.jpg,1
C:/Users/beichen/dataset/pork\class1\Œ¢–≈Õº∆¨_20230329160826.jpg,0
C:/Users/beichen/dataset/pork\class1\Œ¢–≈Õº∆¨_20230404175353.jpg,0
C:/Users/beichen/dataset/pork\class1\IMG_2446.jpg,0
C:/Users/beichen/dataset/pork\class1\IMG_20230327_151532.jpg,0
C:/Users/beichen/dataset/pork\class2\IMG20230327151028.jpg.JPG,1
C:/Users/beichen/dataset/pork\class1\Œ¢–≈Õº∆¨_20230329160827.jpg,0
C:/Users/beichen/dataset/pork\class1\Œ¢–≈Õº∆¨_2023040417535633.jpg,0
C:/Users/beichen/dataset/pork\class1\IMG_2399.jpg,0
C:/Users/beichen/dataset/pork\class1\Œ¢–≈Õº∆¨_2023040417535618.jpg,0
C:/Users/beichen/dataset/pork\class2\IMG20230329174442.jpg.JPG,1
C:/Users/beichen/dataset/pork\class1\IMG_2489.jpg,0
C:/Users/beichen/dataset/pork\class2\IMG20230327150052.jpg,1
C:/Users/beichen/dataset/pork\class2\IMG20230329072919.jpg.JPG,1
C:/Users/beichen/dataset/pork\class1\IMG_20230327_150154.jpg,0
C:/Users/beichen/dataset/pork\class1\Œ¢–≈Õº∆¨_202303291610541.jpg,0
C:/Users/beichen/dataset/pork\class1\IMG_2497.jpg,0
C:/Users/beichen/dataset/pork\class1\IMG_2419.jpg,0
C:/Users/beichen/dataset/pork\class1\Œ¢–≈Õº∆¨_202304041753557.jpg,0
C:/Users/beichen/dataset/pork\class1\Œ¢–≈Õº∆¨_20230329160231.jpg,0
C:/Users/beichen/dataset/pork\class1\Œ¢–≈Õº∆¨_20230329160716.jpg,0
C:/Users/beichen/dataset/pork\class1\IMG_20230329_075109.jpg,0
C:/Users/beichen/dataset/pork\class1\Œ¢–≈Õº∆¨_202304041753564.jpg,0
C:/Users/beichen/dataset/pork\class1\Œ¢–≈Õº∆¨_2023040417535520.jpg,0
C:/Users/beichen/dataset/pork\class2\IMG20230327145037.jpg,1
C:/Users/beichen/dataset/pork\class2\IMG20230327145042.jpg,1
C:/Users/beichen/dataset/pork\class1\Œ¢–≈Õº∆¨_20230329161056.jpg,0
C:/Users/beichen/dataset/pork\class1\IMG_20230327_154847.jpg,0
C:/Users/beichen/dataset/pork\class1\IMG_2375.jpg,0
C:/Users/beichen/dataset/pork\class2\IMG_20230329_075028.jpg,1
C:/Users/beichen/dataset/pork\class1\IMG_2463.jpg,0
C:/Users/beichen/dataset/pork\class1\Œ¢–≈Õº∆¨_20230329160626.jpg,0
C:/Users/beichen/dataset/pork\class1\Œ¢–≈Õº∆¨_2023040417535610.jpg,0
C:/Users/beichen/dataset/pork\class2\IMG20230327150304.jpg.JPG,1
C:/Users/beichen/dataset/pork\class2\IMG20230327154436.jpg.JPG,1
C:/Users/beichen/dataset/pork\class1\Œ¢–≈Õº∆¨_20230404175357.jpg,0
C:/Users/beichen/dataset/pork\class1\Œ¢–≈Õº∆¨_20230329160825.jpg,0
C:/Users/beichen/dataset/pork\class2\IMG20230329074920.jpg.JPG,1
C:/Users/beichen/dataset/pork\class2\IMG20230329174434.jpg.JPG,1
C:/Users/beichen/dataset/pork\class1\Œ¢–≈Õº∆¨_202304041753554.jpg,0
C:/Users/beichen/dataset/pork\class1\IMG_20230327_150131.jpg,0
C:/Users/beichen/dataset/pork\class1\IMG_2360.jpg,0
C:/Users/beichen/dataset/pork\class2\Œ¢–≈Õº∆¨_2023040417535712.jpg,1
C:/Users/beichen/dataset/pork\class1\Œ¢–≈Õº∆¨_2023040417535650.jpg,0
C:/Users/beichen/dataset/pork\class1\Œ¢–≈Õº∆¨_20230329160747.jpg,0
C:/Users/beichen/dataset/pork\class1\IMG_2496.jpg,0
C:/Users/beichen/dataset/pork\class1\IMG_20230327_154715.jpg,0
C:/Users/beichen/dataset/pork\class1\IMG_2396.jpg,0
C:/Users/beichen/dataset/pork\class2\IMG20230327150102.jpg.JPG,1
C:/Users/beichen/dataset/pork\class1\IMG_2466.jpg,0
C:/Users/beichen/dataset/pork\class2\IMG20230329174430.jpg,1
C:/Users/beichen/dataset/pork\class1\IMG_20230329_075153.jpg,0
C:/Users/beichen/dataset/pork\class1\IMG_20230327_145039.jpg,0
C:/Users/beichen/dataset/pork\class1\Œ¢–≈Õº∆¨_2023040417535623.jpg,0
C:/Users/beichen/dataset/pork\class2\IMG_2339.jpg,1
C:/Users/beichen/dataset/pork\class1\IMG_20230327_154352.jpg,0
C:/Users/beichen/dataset/pork\class1\Œ¢–≈Õº∆¨_20230329160743.jpg,0
C:/Users/beichen/dataset/pork\class1\IMG_2487.jpg,0
C:/Users/beichen/dataset/pork\class1\IMG_2422.jpg,0
C:/Users/beichen/dataset/pork\class2\IMG20230327150301.jpg.JPG,1
C:/Users/beichen/dataset/pork\class1\IMG_2490.jpg,0
C:/Users/beichen/dataset/pork\class2\IMG20230327145056.jpg.JPG,1
C:/Users/beichen/dataset/pork\class2\IMG_20230329_075838.jpg.JPG,1
C:/Users/beichen/dataset/pork\class2\IMG20230327151040.jpg,1
C:/Users/beichen/dataset/pork\class1\IMG_20230327_151025.jpg,0
C:/Users/beichen/dataset/pork\class1\IMG_2459.jpg,0
C:/Users/beichen/dataset/pork\class2\IMG20230327150059.jpg.JPG,1
C:/Users/beichen/dataset/pork\class1\IMG_2450.jpg,0
C:/Users/beichen/dataset/pork\class1\Œ¢–≈Õº∆¨_20230329160738.jpg,0
C:/Users/beichen/dataset/pork\class2\IMG20230329174434.jpg,1
C:/Users/beichen/dataset/pork\class1\Œ¢–≈Õº∆¨_20230329160543.jpg,0
C:/Users/beichen/dataset/pork\class1\Œ¢–≈Õº∆¨_20230329161055.jpg,0
C:/Users/beichen/dataset/pork\class2\IMG_20230329_075215.jpg,1
C:/Users/beichen/dataset/pork\class1\Œ¢–≈Õº∆¨_20230329160830.jpg,0
C:/Users/beichen/dataset/pork\class2\IMG20230327143248.jpg.JPG,1
C:/Users/beichen/dataset/pork\class1\Œ¢–≈Õº∆¨_202303291605461.jpg,0
C:/Users/beichen/dataset/pork\class2\IMG20230329072950.jpg,1
C:/Users/beichen/dataset/pork\class2\IMG_20230329_185907.jpg.JPG,1
C:/Users/beichen/dataset/pork\class2\IMG20230329173553.jpg,1
C:/Users/beichen/dataset/pork\class1\Œ¢–≈Õº∆¨_20230329160623.jpg,0
C:/Users/beichen/dataset/pork\class2\IMG_2356.jpg,1
C:/Users/beichen/dataset/pork\class1\IMG_2397.jpg,0
C:/Users/beichen/dataset/pork\class1\IMG_20230329_073008.jpg,0
C:/Users/beichen/dataset/pork\class1\IMG_20230327_151511.jpg,0
C:/Users/beichen/dataset/pork\class2\IMG_2471.jpg,1
C:/Users/beichen/dataset/pork\class1\Œ¢–≈Õº∆¨_2023040417535636.jpg,0
C:/Users/beichen/dataset/pork\class1\Œ¢–≈Õº∆¨_20230329160722.jpg,0
C:/Users/beichen/dataset/pork\class1\Œ¢–≈Õº∆¨_20230329160731.jpg,0
C:/Users/beichen/dataset/pork\class1\IMG_2361.jpg,0
C:/Users/beichen/dataset/pork\class2\IMG20230327154526.jpg,1
C:/Users/beichen/dataset/pork\class1\Œ¢–≈Õº∆¨_20230329154903.jpg,0
C:/Users/beichen/dataset/pork\class1\IMG_2421.jpg,0
C:/Users/beichen/dataset/pork\class1\IMG_20230329_072419(1).jpg,0
C:/Users/beichen/dataset/pork\class1\IMG_2369.jpg,0
C:/Users/beichen/dataset/pork\class1\IMG_20230329_072922.jpg,0
C:/Users/beichen/dataset/pork\class1\IMG_20230327_154841.jpg,0
C:/Users/beichen/dataset/pork\class1\Œ¢–≈Õº∆¨_20230329160829.jpg,0
C:/Users/beichen/dataset/pork\class2\IMG20230327154421.jpg,1
C:/Users/beichen/dataset/pork\class1\Œ¢–≈Õº∆¨_202304041753569.jpg,0
C:/Users/beichen/dataset/pork\class2\IMG20230327151132.jpg,1
C:/Users/beichen/dataset/pork\class1\Œ¢–≈Õº∆¨_20230329154906.jpg,0
C:/Users/beichen/dataset/pork\class2\IMG_20230329_075238.jpg.JPG,1
C:/Users/beichen/dataset/pork\class1\IMG_20230327_154812.jpg,0
C:/Users/beichen/dataset/pork\class2\IMG20230327151302.jpg.JPG,1
C:/Users/beichen/dataset/pork\class2\IMG_2472.jpg,1
C:/Users/beichen/dataset/pork\class2\IMG20230329074907.jpg.JPG,1
C:/Users/beichen/dataset/pork\class1\IMG_20230327_154439.jpg,0
C:/Users/beichen/dataset/pork\class1\Œ¢–≈Õº∆¨_20230329161013.jpg,0
C:/Users/beichen/dataset/pork\class1\IMG_2381.jpg,0
C:/Users/beichen/dataset/pork\class1\IMG_20230327_154844.jpg,0
C:/Users/beichen/dataset/pork\class2\IMG_20230329_185947.jpg,1
C:/Users/beichen/dataset/pork\class1\IMG_2491.jpg,0
C:/Users/beichen/dataset/pork\class1\IMG_20230329_075056.jpg,0
C:/Users/beichen/dataset/pork\class1\IMG_20230327_145045.jpg,0
C:/Users/beichen/dataset/pork\class2\IMG20230329073001.jpg,1
C:/Users/beichen/dataset/pork\class2\IMG20230329174443.jpg,1
C:/Users/beichen/dataset/pork\class2\IMG_20230329_075200.jpg,1
C:/Users/beichen/dataset/pork\class1\IMG_20230327_143332.jpg,0
C:/Users/beichen/dataset/pork\class1\IMG_2460.jpg,0
C:/Users/beichen/dataset/pork\class2\IMG20230329075125.jpg.JPG,1
C:/Users/beichen/dataset/pork\class2\IMG20230329074920.jpg,1
C:/Users/beichen/dataset/pork\class1\Œ¢–≈Õº∆¨_202304041753577.jpg,0
C:/Users/beichen/dataset/pork\class1\IMG_20230327_151130.jpg,0
C:/Users/beichen/dataset/pork\class2\IMG20230329073625.jpg,1
C:/Users/beichen/dataset/pork\class1\IMG_2392.jpg,0
C:/Users/beichen/dataset/pork\class2\IMG20230327145037.jpg.JPG,1
C:/Users/beichen/dataset/pork\class2\Œ¢–≈Õº∆¨_2023040417535644.jpg,1
C:/Users/beichen/dataset/pork\class2\IMG_2474.jpg,1
C:/Users/beichen/dataset/pork\class2\IMG20230327154429.jpg.JPG,1
C:/Users/beichen/dataset/pork\class1\IMG_20230329_072930.jpg,0
C:/Users/beichen/dataset/pork\class2\IMG20230327150050.jpg,1
C:/Users/beichen/dataset/pork\class1\Œ¢–≈Õº∆¨_20230329160745.jpg,0
C:/Users/beichen/dataset/pork\class1\Œ¢–≈Õº∆¨_20230329161107.jpg,0
C:/Users/beichen/dataset/pork\class1\Œ¢–≈Õº∆¨_202304041753576.jpg,0
C:/Users/beichen/dataset/pork\class1\IMG_20230327_154358.jpg,0
C:/Users/beichen/dataset/pork\class2\IMG20230327145151.jpg,1
C:/Users/beichen/dataset/pork\class2\IMG20230327154436.jpg,1
C:/Users/beichen/dataset/pork\class1\IMG_20230327_145034.jpg,0
C:/Users/beichen/dataset/pork\class1\IMG_20230327_151514.jpg,0
C:/Users/beichen/dataset/pork\class2\IMG_2475.jpg,1
C:/Users/beichen/dataset/pork\class1\IMG_20230327_154836.jpg,0
C:/Users/beichen/dataset/pork\class2\IMG_20230329_080801.jpg,1
C:/Users/beichen/dataset/pork\class2\IMG20230329074917.jpg,1
C:/Users/beichen/dataset/pork\class1\IMG_2442.jpg,0
C:/Users/beichen/dataset/pork\class2\IMG_20230329_185921.jpg,1
C:/Users/beichen/dataset/pork\class1\IMG_20230327_151400.jpg,0
C:/Users/beichen/dataset/pork\class1\IMG_20230327_151535.jpg,0
C:/Users/beichen/dataset/pork\class1\Œ¢–≈Õº∆¨_20230329160544.jpg,0
C:/Users/beichen/dataset/pork\class1\IMG_2403.jpg,0
C:/Users/beichen/dataset/pork\class1\Œ¢–≈Õº∆¨_20230329161059.jpg,0
C:/Users/beichen/dataset/pork\class2\IMG20230327145210.jpg,1
C:/Users/beichen/dataset/pork\class1\IMG_2499.jpg,0
C:/Users/beichen/dataset/pork\class1\IMG_2437.jpg,0
C:/Users/beichen/dataset/pork\class2\Œ¢–≈Õº∆¨_2023040417535613.jpg,1
C:/Users/beichen/dataset/pork\class1\Œ¢–≈Õº∆¨_20230329160639.jpg,0
C:/Users/beichen/dataset/pork\class2\IMG20230329073431.jpg.JPG,1
C:/Users/beichen/dataset/pork\class1\IMG_2458.jpg,0
C:/Users/beichen/dataset/pork\class2\IMG20230327154446.jpg,1
C:/Users/beichen/dataset/pork\class1\IMG_20230327_154805.jpg,0
C:/Users/beichen/dataset/pork\class2\IMG20230327145128.jpg.JPG,1
C:/Users/beichen/dataset/pork\class1\IMG_2382.jpg,0
C:/Users/beichen/dataset/pork\class1\IMG_2386.jpg,0
C:/Users/beichen/dataset/pork\class2\IMG20230329073001.jpg.JPG,1
C:/Users/beichen/dataset/pork\class1\IMG_20230327_151520.jpg,0
C:/Users/beichen/dataset/pork\class2\IMG20230327150247.jpg.JPG,1
C:/Users/beichen/dataset/pork\class2\Œ¢–≈Õº∆¨_2023040417535614.jpg,1
C:/Users/beichen/dataset/pork\class2\IMG_20230329_075200.jpg.JPG,1
C:/Users/beichen/dataset/pork\class1\Œ¢–≈Õº∆¨_20230329160540.jpg,0
C:/Users/beichen/dataset/pork\class1\8c26dc0b6a21ed31faef779af6dd289e.jpg,0
C:/Users/beichen/dataset/pork\class1\Œ¢–≈Õº∆¨_20230404175354.jpg,0
C:/Users/beichen/dataset/pork\class1\IMG_20230329_075139.jpg,0
C:/Users/beichen/dataset/pork\class2\IMG_2363.jpg,1
C:/Users/beichen/dataset/pork\class2\IMG20230327150305.jpg,1
C:/Users/beichen/dataset/pork\class1\IMG_2401.jpg,0
C:/Users/beichen/dataset/pork\class2\IMG_2342.jpg,1
C:/Users/beichen/dataset/pork\class2\IMG20230327145056.jpg,1
C:/Users/beichen/dataset/pork\class2\IMG20230327151038.jpg.JPG,1
C:/Users/beichen/dataset/pork\class2\IMG20230329074911.jpg.JPG,1
C:/Users/beichen/dataset/pork\class1\IMG_2407.jpg,0
C:/Users/beichen/dataset/pork\class2\IMG20230327143219.jpg,1
C:/Users/beichen/dataset/pork\class2\IMG_20230329_080716.jpg.JPG,1
C:/Users/beichen/dataset/pork\class1\Œ¢–≈Õº∆¨_20230329160634.jpg,0
C:/Users/beichen/dataset/pork\class1\IMG_2498.jpg,0
C:/Users/beichen/dataset/pork\class2\IMG20230327154531.jpg,1
C:/Users/beichen/dataset/pork\class2\IMG_2473.jpg,1
C:/Users/beichen/dataset/pork\class1\Œ¢–≈Õº∆¨_202304041753561.jpg,0
C:/Users/beichen/dataset/pork\class1\IMG_20230329_073008(1).jpg,0
C:/Users/beichen/dataset/pork\class2\IMG20230327150301.jpg,1
C:/Users/beichen/dataset/pork\class2\IMG20230327145131.jpg,1
C:/Users/beichen/dataset/pork\class2\IMG20230329173550.jpg.JPG,1
C:/Users/beichen/dataset/pork\class1\Œ¢–≈Õº∆¨_20230329161058.jpg,0
C:/Users/beichen/dataset/pork\class2\IMG20230329073321.jpg.JPG,1
C:/Users/beichen/dataset/pork\class1\Œ¢–≈Õº∆¨_202303291605441.jpg,0
C:/Users/beichen/dataset/pork\class1\IMG_2353.jpg,0
C:/Users/beichen/dataset/pork\class1\Œ¢–≈Õº∆¨_202303291548251.jpg,0
C:/Users/beichen/dataset/pork\class2\IMG20230329073327.jpg.JPG,1
C:/Users/beichen/dataset/pork\class1\Œ¢–≈Õº∆¨_20230329160629.jpg,0
C:/Users/beichen/dataset/pork\class2\IMG_20230329_080903.jpg.JPG,1
C:/Users/beichen/dataset/pork\class1\IMG_2428.jpg,0
C:/Users/beichen/dataset/pork\class1\Œ¢–≈Õº∆¨_202304041753573.jpg,0
C:/Users/beichen/dataset/pork\class2\IMG20230329074915.jpg.JPG,1
C:/Users/beichen/dataset/pork\class2\IMG20230327150305.jpg.JPG,1
C:/Users/beichen/dataset/pork\class2\IMG20230329174432.jpg.JPG,1
C:/Users/beichen/dataset/pork\class2\IMG20230327151040.jpg.JPG,1
C:/Users/beichen/dataset/pork\class1\Œ¢–≈Õº∆¨_2023040417535632.jpg,0
C:/Users/beichen/dataset/pork\class1\Œ¢–≈Õº∆¨_20230329160631.jpg,0
C:/Users/beichen/dataset/pork\class1\Œ¢–≈Õº∆¨_20230329160638.jpg,0
C:/Users/beichen/dataset/pork\class1\IMG_20230327_150123.jpg,0
C:/Users/beichen/dataset/pork\class1\IMG_20230329_074937.jpg,0
C:/Users/beichen/dataset/pork\class1\IMG_20230327_151107.jpg,0
C:/Users/beichen/dataset/pork\class2\IMG20230327143250.jpg,1
C:/Users/beichen/dataset/pork\class2\IMG20230327145022.jpg.JPG,1
C:/Users/beichen/dataset/pork\class2\IMG20230329073623.jpg.JPG,1
C:/Users/beichen/dataset/pork\class1\IMG_2484.jpg,0
C:/Users/beichen/dataset/pork\class1\IMG_2411.jpg,0
C:/Users/beichen/dataset/pork\class1\IMG_20230327_151103.jpg,0
C:/Users/beichen/dataset/pork\class1\IMG_20230327_154828.jpg,0
C:/Users/beichen/dataset/pork\class2\IMG20230327151225.jpg.JPG,1
C:/Users/beichen/dataset/pork\class1\Œ¢–≈Õº∆¨_2023040417535513.jpg,0
C:/Users/beichen/dataset/pork\class1\Œ¢–≈Õº∆¨_2023040417535631.jpg,0
C:/Users/beichen/dataset/pork\class1\Œ¢–≈Õº∆¨_20230329160730.jpg,0
C:/Users/beichen/dataset/pork\class2\IMG20230327151348.jpg,1
C:/Users/beichen/dataset/pork\class1\IMG_20230327_154821.jpg,0
C:/Users/beichen/dataset/pork\class2\IMG20230327151134.jpg.JPG,1
C:/Users/beichen/dataset/pork\class1\IMG_20230327_143324.jpg,0
C:/Users/beichen/dataset/pork\class1\Œ¢–≈Õº∆¨_20230329160744.jpg,0
C:/Users/beichen/dataset/pork\class1\IMG_2485.jpg,0
C:/Users/beichen/dataset/pork\class2\IMG20230327154708.jpg.JPG,1
C:/Users/beichen/dataset/pork\class1\IMG_20230329_075037.jpg,0
C:/Users/beichen/dataset/pork\class1\Œ¢–≈Õº∆¨_20230329160733.jpg,0
C:/Users/beichen/dataset/pork\class1\75b40c09260636aefd5a4c7230c4f92a.jpg,0
C:/Users/beichen/dataset/pork\class2\IMG20230329075117.jpg,1
C:/Users/beichen/dataset/pork\class1\Œ¢–≈Õº∆¨_2023040417535622.jpg,0
C:/Users/beichen/dataset/pork\class2\IMG20230329075125.jpg,1
C:/Users/beichen/dataset/pork\class2\IMG20230327145217.jpg.JPG,1
C:/Users/beichen/dataset/pork\class2\IMG20230327150242.jpg,1
C:/Users/beichen/dataset/pork\class1\Œ¢–≈Õº∆¨_20230329154823.jpg,0
C:/Users/beichen/dataset/pork\class1\Œ¢–≈Õº∆¨_2023040417535634.jpg,0
C:/Users/beichen/dataset/pork\class1\IMG_2413.jpg,0
C:/Users/beichen/dataset/pork\class2\IMG_20230329_080728.jpg,1
C:/Users/beichen/dataset/pork\class1\IMG_20230327_151524.jpg,0
C:/Users/beichen/dataset/pork\class1\IMG_20230327_154423.jpg,0
C:/Users/beichen/dataset/pork\class2\IMG20230327151132.jpg.JPG,1
C:/Users/beichen/dataset/pork\class1\IMG_2374.jpg,0
C:/Users/beichen/dataset/pork\class1\Œ¢–≈Õº∆¨_202304041753575.jpg,0
C:/Users/beichen/dataset/pork\class2\IMG_2340.jpg,1
C:/Users/beichen/dataset/pork\class2\IMG20230327151024.jpg,1
C:/Users/beichen/dataset/pork\class1\Œ¢–≈Õº∆¨_20230329160313.jpg,0
C:/Users/beichen/dataset/pork\class1\IMG_2464.jpg,0
C:/Users/beichen/dataset/pork\class1\IMG_2454.jpg,0
C:/Users/beichen/dataset/pork\class1\IMG_20230329_072356(1).jpg,0
C:/Users/beichen/dataset/pork\class1\IMG_20230327_154823.jpg,0
C:/Users/beichen/dataset/pork\class1\IMG_20230327_151414.jpg,0
C:/Users/beichen/dataset/pork\class1\IMG_20230327_151347.jpg,0
C:/Users/beichen/dataset/pork\class1\IMG_2350.jpg,0
C:/Users/beichen/dataset/pork\class1\IMG_2488.jpg,0
C:/Users/beichen/dataset/pork\class1\Œ¢–≈Õº∆¨_2023040417535649.jpg,0
C:/Users/beichen/dataset/pork\class1\IMG_20230327_154452.jpg,0
C:/Users/beichen/dataset/pork\class1\IMG_2444.jpg,0
C:/Users/beichen/dataset/pork\class2\IMG20230327143301.jpg.JPG,1
C:/Users/beichen/dataset/pork\class1\Œ¢–≈Õº∆¨_20230329160720.jpg,0
C:/Users/beichen/dataset/pork\class2\IMG20230329073433.jpg,1
C:/Users/beichen/dataset/pork\class2\IMG20230329075117.jpg.JPG,1
C:/Users/beichen/dataset/pork\class2\IMG20230329174445.jpg.JPG,1
C:/Users/beichen/dataset/pork\class1\Œ¢–≈Õº∆¨_20230329160800.jpg,0
C:/Users/beichen/dataset/pork\class2\IMG20230327154531.jpg.JPG,1
C:/Users/beichen/dataset/pork\class1\IMG_2410.jpg,0
C:/Users/beichen/dataset/pork\class1\Œ¢–≈Õº∆¨_202304041753558.jpg,0
C:/Users/beichen/dataset/pork\class2\IMG_2479.jpg,1
C:/Users/beichen/dataset/pork\class1\IMG_20230327_154403.jpg,0
C:/Users/beichen/dataset/pork\class2\IMG20230327151053.jpg.JPG,1
C:/Users/beichen/dataset/pork\class2\Œ¢–≈Õº∆¨_2023040417535710.jpg,1
C:/Users/beichen/dataset/pork\class2\Œ¢–≈Õº∆¨_2023040417535512.jpg,1
C:/Users/beichen/dataset/pork\class2\IMG20230327145015.jpg.JPG,1
C:/Users/beichen/dataset/pork\class2\IMG20230329075127.jpg,1
C:/Users/beichen/dataset/pork\class1\IMG_20230329_074935.jpg,0
C:/Users/beichen/dataset/pork\class1\Œ¢–≈Õº∆¨_2023040417535641.jpg,0
C:/Users/beichen/dataset/pork\class2\IMG20230327154708.jpg,1
C:/Users/beichen/dataset/pork\class1\IMG_2380.jpg,0
C:/Users/beichen/dataset/pork\class1\IMG_20230329_072414(1).jpg,0
C:/Users/beichen/dataset/pork\class1\Œ¢–≈Õº∆¨_202303291605421.jpg,0
C:/Users/beichen/dataset/pork\class2\IMG20230327151134.jpg,1
C:/Users/beichen/dataset/pork\class2\IMG20230327150247.jpg,1
C:/Users/beichen/dataset/pork\class2\IMG_2477.jpg,1
C:/Users/beichen/dataset/pork\class2\IMG20230327151042.jpg.JPG,1
C:/Users/beichen/dataset/pork\class1\IMG_20230329_075049.jpg,0
C:/Users/beichen/dataset/pork\class1\IMG_2440.jpg,0
C:/Users/beichen/dataset/pork\class1\IMG_20230327_145017.jpg,0
C:/Users/beichen/dataset/pork\class2\IMG20230327151036.jpg.JPG,1
C:/Users/beichen/dataset/pork\class1\IMG_2389.jpg,0
C:/Users/beichen/dataset/pork\class2\IMG20230327151031.jpg,1
C:/Users/beichen/dataset/pork\class2\IMG_20230329_080818.jpg,1
C:/Users/beichen/dataset/pork\class2\IMG_2478.jpg,1
C:/Users/beichen/dataset/pork\class1\IMG_20230327_151408.jpg,0
C:/Users/beichen/dataset/pork\class2\IMG20230327145151.jpg.JPG,1
C:/Users/beichen/dataset/pork\class1\Œ¢–≈Õº∆¨_20230329161052.jpg,0
C:/Users/beichen/dataset/pork\class2\IMG_20230329_080650.jpg,1
C:/Users/beichen/dataset/pork\class2\IMG20230329073431.jpg,1
C:/Users/beichen/dataset/pork\class1\IMG_2368.jpg,0
C:/Users/beichen/dataset/pork\class1\IMG_20230327_154850.jpg,0
C:/Users/beichen/dataset/pork\class1\IMG_20230327_154401.jpg,0
C:/Users/beichen/dataset/pork\class1\IMG_20230327_145056.jpg,0
C:/Users/beichen/dataset/pork\class1\IMG_2423.jpg,0
C:/Users/beichen/dataset/pork\class2\IMG20230329074940.jpg.JPG,1
C:/Users/beichen/dataset/pork\class2\IMG_20230329_075028.jpg.JPG,1
C:/Users/beichen/dataset/pork\class2\d5240b7a87cf37bb9f25ef92b4384a15_c72943edf38d676d.jpg,1
C:/Users/beichen/dataset/pork\class2\IMG_20230329_185834.jpg.JPG,1
C:/Users/beichen/dataset/pork\class1\Œ¢–≈Õº∆¨_20230404175356.jpg,0
C:/Users/beichen/dataset/pork\class1\IMG_20230327_154409.jpg,0
C:/Users/beichen/dataset/pork\class2\IMG_20230329_075224.jpg,1
C:/Users/beichen/dataset/pork\class2\IMG20230329074940.jpg,1
C:/Users/beichen/dataset/pork\class1\Œ¢–≈Õº∆¨_2023040417535515.jpg,0
C:/Users/beichen/dataset/pork\class1\IMG_20230327_154818_edit_884339462788846.jpg,0
C:/Users/beichen/dataset/pork\class1\IMG_20230327_154435.jpg,0
C:/Users/beichen/dataset/pork\class1\IMG_2486.jpg,0
C:/Users/beichen/dataset/pork\class1\IMG_2441.jpg,0
C:/Users/beichen/dataset/pork\class1\IMG_20230329_075102.jpg,0
C:/Users/beichen/dataset/pork\class2\IMG_2365.jpg,1
C:/Users/beichen/dataset/pork\class1\Œ¢–≈Õº∆¨_2023040417535624.jpg,0
C:/Users/beichen/dataset/pork\class1\IMG_2493.jpg,0
C:/Users/beichen/dataset/pork\class1\IMG_20230327_154710.jpg,0
C:/Users/beichen/dataset/pork\class1\IMG_2453.jpg,0
C:/Users/beichen/dataset/pork\class1\Œ¢–≈Õº∆¨_20230329160805.jpg,0
C:/Users/beichen/dataset/pork\class1\IMG_20230327_151426.jpg,0
C:/Users/beichen/dataset/pork\class2\IMG_20230329_075018.jpg,1
C:/Users/beichen/dataset/pork\class2\IMG20230329174440.jpg,1
C:/Users/beichen/dataset/pork\class1\IMG_2424.jpg,0
C:/Users/beichen/dataset/pork\class1\Œ¢–≈Õº∆¨_202304041753555.jpg,0
C:/Users/beichen/dataset/pork\class1\IMG_2379.jpg,0
C:/Users/beichen/dataset/pork\class2\IMG20230329074913.jpg,1
C:/Users/beichen/dataset/pork\class1\IMG_2409.jpg,0
C:/Users/beichen/dataset/pork\class1\IMG_20230327_145026.jpg,0
C:/Users/beichen/dataset/pork\class1\IMG_2455.jpg,0
C:/Users/beichen/dataset/pork\class1\IMG_2431.jpg,0
C:/Users/beichen/dataset/pork\class2\IMG20230329072919.jpg,1
C:/Users/beichen/dataset/pork\class1\IMG_2351.jpg,0
C:/Users/beichen/dataset/pork\class1\Œ¢–≈Õº∆¨_2023040417535611.jpg,0
C:/Users/beichen/dataset/pork\class1\Œ¢–≈Õº∆¨_2023040417535517.jpg,0
C:/Users/beichen/dataset/pork\class1\IMG_2427.jpg,0
C:/Users/beichen/dataset/pork\class1\IMG_20230329_072848.jpg,0
C:/Users/beichen/dataset/pork\class2\IMG20230327151309.jpg.JPG,1
C:/Users/beichen/dataset/pork\class1\IMG_2367.jpg,0
C:/Users/beichen/dataset/pork\class1\IMG_2377.jpg,0
C:/Users/beichen/dataset/pork\class1\Œ¢–≈Õº∆¨_20230329160734.jpg,0
C:/Users/beichen/dataset/pork\class2\IMG20230329075122.jpg.JPG,1
C:/Users/beichen/dataset/pork\class2\IMG20230327154433.jpg,1
C:/Users/beichen/dataset/pork\class1\Œ¢–≈Õº∆¨_202304041753562.jpg,0
C:/Users/beichen/dataset/pork\class2\IMG_20230329_075215.jpg.JPG,1
C:/Users/beichen/dataset/pork\class1\IMG_2481.jpg,0
C:/Users/beichen/dataset/pork\class1\IMG_20230327_151249.jpg,0
C:/Users/beichen/dataset/pork\class1\IMG_2387.jpg,0
C:/Users/beichen/dataset/pork\class1\IMG_20230327_150143.jpg,0
C:/Users/beichen/dataset/pork\class2\IMG_2344.jpg,1
C:/Users/beichen/dataset/pork\class1\IMG_20230329_072345.jpg,0
C:/Users/beichen/dataset/pork\class2\IMG20230327151311.jpg.JPG,1
C:/Users/beichen/dataset/pork\class2\IMG20230329174442.jpg,1
C:/Users/beichen/dataset/pork\class1\IMG_20230327_154528.jpg,0
C:/Users/beichen/dataset/pork\class1\8c7253e2001fd5c23ed98afcc8fbbab9.jpg,0
C:/Users/beichen/dataset/pork\class1\IMG_2378.jpg,0
C:/Users/beichen/dataset/pork\class1\Œ¢–≈Õº∆¨_20230329160725.jpg,0
C:/Users/beichen/dataset/pork\class1\Œ¢–≈Õº∆¨_20230329161054.jpg,0
C:/Users/beichen/dataset/pork\class1\Œ¢–≈Õº∆¨_20230329160806.jpg,0
C:/Users/beichen/dataset/pork\class2\Œ¢–≈Õº∆¨_2023040417535647.jpg,1
C:/Users/beichen/dataset/pork\class2\IMG_20230329_080728.jpg.JPG,1
C:/Users/beichen/dataset/pork\class1\Œ¢–≈Õº∆¨_20230329154907.jpg,0
C:/Users/beichen/dataset/pork\class1\Œ¢–≈Õº∆¨_2023040417535638.jpg,0
C:/Users/beichen/dataset/pork\class1\IMG_2447.jpg,0
C:/Users/beichen/dataset/pork\class1\IMG_20230329_072345(1).jpg,0
C:/Users/beichen/dataset/pork\class1\IMG_20230327_150117.jpg,0
C:/Users/beichen/dataset/pork\class1\IMG_20230327_151334.jpg,0
C:/Users/beichen/dataset/pork\class1\Œ¢–≈Õº∆¨_2023040417535629.jpg,0
C:/Users/beichen/dataset/pork\class1\Œ¢–≈Õº∆¨_202304041753574.jpg,0
C:/Users/beichen/dataset/pork\class1\IMG_2370.jpg,0
C:/Users/beichen/dataset/pork\class1\IMG_2468.jpg,0
C:/Users/beichen/dataset/pork\class1\Œ¢–≈Õº∆¨_202303291608251.jpg,0
C:/Users/beichen/dataset/pork\class1\IMG_20230329_072905.jpg,0
C:/Users/beichen/dataset/pork\class1\IMG_2391.jpg,0
C:/Users/beichen/dataset/pork\class2\IMG20230329072953.jpg,1
C:/Users/beichen/dataset/pork\class1\IMG_20230327_154443.jpg,0
C:/Users/beichen/dataset/pork\class1\IMG_2492.jpg,0
C:/Users/beichen/dataset/pork\class1\Œ¢–≈Õº∆¨_202304041753556.jpg,0
C:/Users/beichen/dataset/pork\class1\IMG_20230327_154411.jpg,0
C:/Users/beichen/dataset/pork\class2\IMG20230327151042.jpg,1
C:/Users/beichen/dataset/pork\class2\IMG20230329074907.jpg,1
C:/Users/beichen/dataset/pork\class2\IMG_20230329_075238.jpg,1
C:/Users/beichen/dataset/pork\class2\IMG_2343.jpg,1
C:/Users/beichen/dataset/pork\class1\Œ¢–≈Õº∆¨_202304041753579.jpg,0
C:/Users/beichen/dataset/pork\class2\Œ¢–≈Õº∆¨_2023040417535645.jpg,1
C:/Users/beichen/dataset/pork\class1\IMG_20230327_151421.jpg,0
C:/Users/beichen/dataset/pork\class2\IMG20230327145213.jpg,1
C:/Users/beichen/dataset/pork\class2\IMG_20230329_080747.jpg,1
C:/Users/beichen/dataset/pork\class2\IMG20230329174436.jpg.JPG,1
C:/Users/beichen/dataset/pork\class1\IMG_20230327_151324.jpg,0
C:/Users/beichen/dataset/pork\class1\IMG_20230327_151342.jpg,0
C:/Users/beichen/dataset/pork\class1\IMG_20230327_150128.jpg,0
C:/Users/beichen/dataset/pork\class2\IMG20230327151225.jpg,1
C:/Users/beichen/dataset/pork\class2\IMG20230327145022.jpg,1
C:/Users/beichen/dataset/pork\class1\IMG_2426.jpg,0
C:/Users/beichen/dataset/pork\class2\IMG20230327145213.jpg.JPG,1
C:/Users/beichen/dataset/pork\class1\Œ¢–≈Õº∆¨_2023040417535625.jpg,0
C:/Users/beichen/dataset/pork\class2\IMG20230327145128.jpg,1
C:/Users/beichen/dataset/pork\class2\IMG20230327143248.jpg,1
C:/Users/beichen/dataset/pork\class1\IMG_20230329_072426.jpg,0
C:/Users/beichen/dataset/pork\class2\IMG_2357.jpg,1
C:/Users/beichen/dataset/pork\class1\IMG_20230327_151355.jpg,0
C:/Users/beichen/dataset/pork\class1\IMG_2345.jpg,0
C:/Users/beichen/dataset/pork\class1\Œ¢–≈Õº∆¨_20230329160809.jpg,0
C:/Users/beichen/dataset/pork\class1\Œ¢–≈Õº∆¨_20230329160737.jpg,0
C:/Users/beichen/dataset/pork\class1\Œ¢–≈Õº∆¨_20230329160542.jpg,0
C:/Users/beichen/dataset/pork\class2\IMG_2470.jpg,1
C:/Users/beichen/dataset/pork\class2\IMG20230329073327.jpg,1
C:/Users/beichen/dataset/pork\class1\IMG_20230327_151519.jpg,0
C:/Users/beichen/dataset/pork\class1\IMG_20230327_154430.jpg,0
C:/Users/beichen/dataset/pork\class1\IMG_20230329_072417(1).jpg,0
C:/Users/beichen/dataset/pork\class1\IMG_2390.jpg,0
C:/Users/beichen/dataset/pork\class1\IMG_20230329_075032.jpg,0
C:/Users/beichen/dataset/pork\class1\IMG_20230327_150137.jpg,0
C:/Users/beichen/dataset/pork\class2\IMG20230329072910.jpg,1
C:/Users/beichen/dataset/pork\class1\IMG_20230329_072404.jpg,0
C:/Users/beichen/dataset/pork\class1\IMG_2405.jpg,0
C:/Users/beichen/dataset/pork\class1\IMG_2408.jpg,0
C:/Users/beichen/dataset/pork\class1\IMG_20230329_072914(1).jpg,0
C:/Users/beichen/dataset/pork\class1\IMG_20230327_154420.jpg,0
C:/Users/beichen/dataset/pork\class1\Œ¢–≈Õº∆¨_202303291602311.jpg,0
C:/Users/beichen/dataset/pork\class2\IMG20230327143250.jpg.JPG,1
C:/Users/beichen/dataset/pork\class1\IMG_20230329_075150.jpg,0
C:/Users/beichen/dataset/pork\class1\Œ¢–≈Õº∆¨_202304041753553.jpg,0
C:/Users/beichen/dataset/pork\class1\Œ¢–≈Õº∆¨_202304041753571.jpg,0
C:/Users/beichen/dataset/pork\class2\IMG20230329073616.jpg.JPG,1
C:/Users/beichen/dataset/pork\class1\Œ¢–≈Õº∆¨_20230329160803.jpg,0
C:/Users/beichen/dataset/pork\class2\IMG20230327151031.jpg.JPG,1
C:/Users/beichen/dataset/pork\class1\IMG_2385.jpg,0
C:/Users/beichen/dataset/pork\class1\Œ¢–≈Õº∆¨_202303291549071.jpg,0
C:/Users/beichen/dataset/pork\class2\IMG20230327154552.jpg,1
C:/Users/beichen/dataset/pork\class1\IMG_20230329_072926.jpg,0
C:/Users/beichen/dataset/pork\class2\Œ¢–≈Õº∆¨_2023040417535511.jpg,1
C:/Users/beichen/dataset/pork\class2\Œ¢–≈Õº∆¨_2023040417535648.jpg,1
C:/Users/beichen/dataset/pork\class2\IMG20230327154552.jpg.JPG,1
C:/Users/beichen/dataset/pork\class1\IMG_2439.jpg,0
C:/Users/beichen/dataset/pork\class1\IMG_20230327_143327.jpg,0
C:/Users/beichen/dataset/pork\class1\Œ¢–≈Õº∆¨_2023040417535630.jpg,0
C:/Users/beichen/dataset/pork\class2\IMG20230327151028.jpg,1
C:/Users/beichen/dataset/pork\class1\IMG_2372.jpg,0
C:/Users/beichen/dataset/pork\class2\IMG_20230329_075838.jpg,1
C:/Users/beichen/dataset/pork\class1\IMG_20230327_151127.jpg,0
C:/Users/beichen/dataset/pork\class1\IMG_20230327_143302.jpg,0
C:/Users/beichen/dataset/pork\class1\IMG_20230327_151432.jpg,0
C:/Users/beichen/dataset/pork\class2\IMG20230327143157.jpg.JPG,1
C:/Users/beichen/dataset/pork\class1\Œ¢–≈Õº∆¨_2023040417535616.jpg,0
C:/Users/beichen/dataset/pork\class2\IMG_20230329_185930.jpg,1
C:/Users/beichen/dataset/pork\class1\Œ¢–≈Õº∆¨_20230329154904.jpg,0
C:/Users/beichen/dataset/pork\class2\IMG20230327151053.jpg,1
C:/Users/beichen/dataset/pork\class1\IMG_20230329_072342.jpg,0
C:/Users/beichen/dataset/pork\class1\IMG_20230327_154649.jpg,0
C:/Users/beichen/dataset/pork\class1\Œ¢–≈Õº∆¨_202304041753563.jpg,0
C:/Users/beichen/dataset/pork\class1\IMG_20230327_151537.jpg,0
C:/Users/beichen/dataset/pork\class1\Œ¢–≈Õº∆¨_20230329160314.jpg,0
C:/Users/beichen/dataset/pork\class1\IMG_20230327_151021.jpg,0
C:/Users/beichen/dataset/pork\class1\IMG_2456.jpg,0
C:/Users/beichen/dataset/pork\class1\Œ¢–≈Õº∆¨_20230329161106.jpg,0
C:/Users/beichen/dataset/pork\class2\IMG20230327151034.jpg.JPG,1
C:/Users/beichen/dataset/pork\class2\IMG20230327150304.jpg,1
C:/Users/beichen/dataset/pork\class2\IMG20230327151309.jpg,1
C:/Users/beichen/dataset/pork\class1\IMG_2483.jpg,0
C:/Users/beichen/dataset/pork\class2\IMG20230329074913.jpg.JPG,1
C:/Users/beichen/dataset/pork\class2\IMG20230329075127.jpg.JPG,1
C:/Users/beichen/dataset/pork\class2\IMG20230327154412.jpg.JPG,1
C:/Users/beichen/dataset/pork\class1\Œ¢–≈Õº∆¨_20230329160802.jpg,0
C:/Users/beichen/dataset/pork\class1\Œ¢–≈Õº∆¨_2023040417535628.jpg,0
C:/Users/beichen/dataset/pork\class1\IMG_2462.jpg,0
C:/Users/beichen/dataset/pork\class2\IMG20230327143301.jpg,1
C:/Users/beichen/dataset/pork\class2\IMG20230329073433.jpg.JPG,1
C:/Users/beichen/dataset/pork\class2\IMG20230329173553.jpg.JPG,1
C:/Users/beichen/dataset/pork\class2\IMG20230329074911.jpg,1
C:/Users/beichen/dataset/pork\class2\IMG20230329073625.jpg.JPG,1
C:/Users/beichen/dataset/pork\class1\Œ¢–≈Õº∆¨_2023040417535518.jpg,0
C:/Users/beichen/dataset/pork\class1\IMG_2482.jpg,0
C:/Users/beichen/dataset/pork\class1\IMG_20230327_151517.jpg,0
C:/Users/beichen/dataset/pork\class1\IMG_20230329_075047.jpg,0
C:/Users/beichen/dataset/pork\class2\IMG20230327145042.jpg.JPG,1
C:/Users/beichen/dataset/pork\class1\IMG_2373.jpg,0
C:/Users/beichen/dataset/pork\class2\IMG_2480.jpg,1
C:/Users/beichen/dataset/pork\class1\Œ¢–≈Õº∆¨_202303291548281.jpg,0
C:/Users/beichen/dataset/pork\class2\IMG20230329074909.jpg.JPG,1
C:/Users/beichen/dataset/pork\class2\IMG20230327151140.jpg.JPG,1
C:/Users/beichen/dataset/pork\class1\Œ¢–≈Õº∆¨_20230329161031.jpg,0
C:/Users/beichen/dataset/pork\class1\5776dfad18c42a51d5d61dd036989a86.jpg,0
C:/Users/beichen/dataset/pork\class1\IMG_20230327_151054.jpg,0
C:/Users/beichen/dataset/pork\class1\Œ¢–≈Õº∆¨_20230329161105.jpg,0
C:/Users/beichen/dataset/pork\class1\IMG_20230327_145100.jpg,0
C:/Users/beichen/dataset/pork\class1\IMG_20230327_151328.jpg,0
C:/Users/beichen/dataset/pork\class1\Œ¢–≈Õº∆¨_202303291549072.jpg,0
C:/Users/beichen/dataset/pork\class1\IMG_20230329_072844.jpg,0
C:/Users/beichen/dataset/pork\class1\Œ¢–≈Õº∆¨_20230329160714.jpg,0
C:/Users/beichen/dataset/pork\class1\Œ¢–≈Õº∆¨_20230329160804.jpg,0
C:/Users/beichen/dataset/pork\class1\IMG_20230327_151515.jpg,0
C:/Users/beichen/dataset/pork\class1\Œ¢–≈Õº∆¨_202303291549061.jpg,0
C:/Users/beichen/dataset/pork\class2\IMG_2469.jpg,1
C:/Users/beichen/dataset/pork\class2\IMG20230327150245.jpg.JPG,1
C:/Users/beichen/dataset/pork\class2\IMG_20230329_185825.jpg,1
C:/Users/beichen/dataset/pork\class2\IMG20230329073321.jpg,1
C:/Users/beichen/dataset/pork\class2\IMG20230327143219.jpg.JPG,1
C:/Users/beichen/dataset/pork\class1\IMG_2461.jpg,0
C:/Users/beichen/dataset/pork\class1\IMG_2388.jpg,0
C:/Users/beichen/dataset/pork\class1\IMG_2366.jpg,0
C:/Users/beichen/dataset/pork\class1\IMG_2445.jpg,0
C:/Users/beichen/dataset/pork\class2\IMG20230327151311.jpg,1
C:/Users/beichen/dataset/pork\class1\Œ¢–≈Õº∆¨_2023040417535643.jpg,0
C:/Users/beichen/dataset/pork\class1\IMG_2398.jpg,0
C:/Users/beichen/dataset/pork\class1\IMG_2436.jpg,0
C:/Users/beichen/dataset/pork\class1\IMG_20230327_151059.jpg,0
C:/Users/beichen/dataset/pork\class1\IMG_20230327_145024.jpg,0
C:/Users/beichen/dataset/pork\class2\IMG_20230329_185907.jpg,1
C:/Users/beichen/dataset/pork\class2\IMG20230327150102.jpg,1
C:/Users/beichen/dataset/pork\class2\IMG20230327154526.jpg.JPG,1
C:/Users/beichen/dataset/pork\class2\IMG20230327154446.jpg.JPG,1
C:/Users/beichen/dataset/pork\class1\IMG_20230329_075046.jpg,0
C:/Users/beichen/dataset/pork\class2\IMG20230327145210.jpg.JPG,1
C:/Users/beichen/dataset/pork\class1\IMG_20230329_072356.jpg,0
C:/Users/beichen/dataset/pork\class1\IMG_20230327_154412.jpg,0
C:/Users/beichen/dataset/pork\class2\IMG20230329174432.jpg,1
C:/Users/beichen/dataset/pork\class1\IMG_20230329_073012.jpg,0
C:/Users/beichen/dataset/pork\class1\IMG_2449.jpg,0
C:/Users/beichen/dataset/pork\class2\IMG20230329174443.jpg.JPG,1
C:/Users/beichen/dataset/pork\class1\Œ¢–≈Õº∆¨_202303291548241.jpg,0
C:/Users/beichen/dataset/pork\class2\IMG20230329174436.jpg,1
C:/Users/beichen/dataset/pork\class1\IMG_20230327_151034.jpg,0
C:/Users/beichen/dataset/pork\class1\IMG_20230327_151028.jpg,0
C:/Users/beichen/dataset/pork\class1\Œ¢–≈Õº∆¨_20230329161057.jpg,0
C:/Users/beichen/dataset/pork\class2\IMG_20230329_080747.jpg.JPG,1
C:/Users/beichen/dataset/pork\class1\Œ¢–≈Õº∆¨_2023040417535639.jpg,0
C:/Users/beichen/dataset/pork\class2\IMG_20230329_080818.jpg.JPG,1
C:/Users/beichen/dataset/pork\class1\Œ¢–≈Õº∆¨_20230329160546.jpg,0
C:/Users/beichen/dataset/pork\class2\IMG20230329073339.jpg.JPG,1
C:/Users/beichen/dataset/pork\class1\IMG_20230329_072933.jpg,0
C:/Users/beichen/dataset/pork\class1\IMG_20230329_075041.jpg,0
C:/Users/beichen/dataset/pork\class1\IMG_2434.jpg,0
C:/Users/beichen/dataset/pork\class1\IMG_20230327_154813.jpg,0
C:/Users/beichen/dataset/pork\class1\IMG_20230327_150156.jpg,0
C:/Users/beichen/dataset/pork\class1\IMG_2359.jpg,0
C:/Users/beichen/dataset/pork\class1\Œ¢–≈Õº∆¨_2023040417535635.jpg,0
C:/Users/beichen/dataset/pork\class2\IMG20230327154429.jpg,1
C:/Users/beichen/dataset/pork\class1\IMG_20230327_154815.jpg,0
C:/Users/beichen/dataset/pork\class1\IMG_20230329_072422.jpg,0
C:/Users/beichen/dataset/pork\class1\IMG_20230327_150149.jpg,0
C:/Users/beichen/dataset/pork\class1\d45d34cc1687a30e9cdae8af81d73afc.jpg,0
C:/Users/beichen/dataset/pork\class1\IMG_20230329_075104.jpg,0
C:/Users/beichen/dataset/pork\class2\IMG_20230329_080903.jpg,1
C:/Users/beichen/dataset/pork\class1\Œ¢–≈Õº∆¨_2023040417535621.jpg,0
C:/Users/beichen/dataset/pork\class1\Œ¢–≈Õº∆¨_202303291548271.jpg,0
C:/Users/beichen/dataset/pork\class1\IMG_20230327_150126.jpg,0
C:/Users/beichen/dataset/pork\class1\IMG_20230327_151522.jpg,0
C:/Users/beichen/dataset/pork\class2\IMG_20230329_080650.jpg.JPG,1
C:/Users/beichen/dataset/pork\class1\Œ¢–≈Õº∆¨_202304041753567.jpg,0
C:/Users/beichen/dataset/pork\class1\Œ¢–≈Õº∆¨_2023040417535619.jpg,0
C:/Users/beichen/dataset/pork\class1\Œ¢–≈Õº∆¨_202304041753568.jpg,0
C:/Users/beichen/dataset/pork\class2\IMG20230327151348.jpg.JPG,1
C:/Users/beichen/dataset/pork\class2\IMG20230329174440.jpg.JPG,1
C:/Users/beichen/dataset/pork\class1\IMG_2494.jpg,0
C:/Users/beichen/dataset/pork\class1\IMG_20230327_154356.jpg,0
C:/Users/beichen/dataset/pork\class1\Œ¢–≈Õº∆¨_202303291549021.jpg,0
C:/Users/beichen/dataset/pork\class1\IMG_2348.jpg,0
C:/Users/beichen/dataset/pork\class1\IMG_20230327_151527.jpg,0
C:/Users/beichen/dataset/pork\class2\IMG20230329072953.jpg.JPG,1
C:/Users/beichen/dataset/pork\class1\IMG_2425.jpg,0
C:/Users/beichen/dataset/pork\class2\IMG20230327150245.jpg,1
C:/Users/beichen/dataset/pork\class1\Œ¢–≈Õº∆¨_2023040417535612.jpg,0
C:/Users/beichen/dataset/pork\class1\IMG_20230327_154406.jpg,0
C:/Users/beichen/dataset/pork\class1\IMG_20230327_151119.jpg,0
C:/Users/beichen/dataset/pork\class1\IMG_2404.jpg,0
C:/Users/beichen/dataset/pork\class1\IMG_2400.jpg,0
C:/Users/beichen/dataset/pork\class1\IMG_2432.jpg,0
C:/Users/beichen/dataset/pork\class1\Œ¢–≈Õº∆¨_20230329160751.jpg,0
C:/Users/beichen/dataset/pork\class2\IMG20230327145015.jpg,1
C:/Users/beichen/dataset/pork\class1\IMG_20230327_154801.jpg,0
C:/Users/beichen/dataset/pork\class1\IMG_2429.jpg,0
C:/Users/beichen/dataset/pork\class2\IMG_2476.jpg,1
C:/Users/beichen/dataset/pork\class1\Œ¢–≈Õº∆¨_2023040417535626.jpg,0
C:/Users/beichen/dataset/pork\class1\IMG_2465.jpg,0
C:/Users/beichen/dataset/pork\class2\IMG20230329073616.jpg,1
C:/Users/beichen/dataset/pork\class1\IMG_2358.jpg,0
C:/Users/beichen/dataset/pork\class1\IMG_20230327_154838.jpg,0
C:/Users/beichen/dataset/pork\class2\IMG20230327151038.jpg,1
C:/Users/beichen/dataset/pork\class1\Œ¢–≈Õº∆¨_20230329160742.jpg,0
C:/Users/beichen/dataset/pork\class2\IMG_20230329_080716.jpg,1
C:/Users/beichen/dataset/pork\class1\IMG_20230327_154520.jpg,0
C:/Users/beichen/dataset/pork\class1\Œ¢–≈Õº∆¨_2023040417535617.jpg,0
C:/Users/beichen/dataset/pork\class2\IMG_20230329_075224.jpg.JPG,1
C:/Users/beichen/dataset/pork\class1\IMG_20230329_072351(1).jpg,0
C:/Users/beichen/dataset/pork\class2\IMG20230327151140.jpg,1
C:/Users/beichen/dataset/pork\class1\IMG_2448.jpg,0
C:/Users/beichen/dataset/pork\class2\IMG20230327151044.jpg.JPG,1
C:/Users/beichen/dataset/pork\class1\IMG_2402.jpg,0
C:/Users/beichen/dataset/pork\class1\IMG_2438.jpg,0
C:/Users/beichen/dataset/pork\class1\Œ¢–≈Õº∆¨_20230329160808.jpg,0
C:/Users/beichen/dataset/pork\class1\Œ¢–≈Õº∆¨_202304041753559.jpg,0
C:/Users/beichen/dataset/pork\class1\IMG_2352.jpg,0
C:/Users/beichen/dataset/pork\class1\Œ¢–≈Õº∆¨_202304041753566.jpg,0
C:/Users/beichen/dataset/pork\class2\IMG20230327145217.jpg,1
C:/Users/beichen/dataset/pork\class1\IMG_2395.jpg,0
C:/Users/beichen/dataset/pork\class1\IMG_2347.jpg,0
C:/Users/beichen/dataset/pork\class1\IMG_2457.jpg,0
C:/Users/beichen/dataset/pork\class2\IMG20230327151024.jpg.JPG,1
C:/Users/beichen/dataset/pork\class1\Œ¢–≈Õº∆¨_20230329160828.jpg,0
C:/Users/beichen/dataset/pork\class2\IMG20230327154421.jpg.JPG,1
C:/Users/beichen/dataset/pork\class2\IMG20230329074909.jpg,1
C:/Users/beichen/dataset/pork\class1\Œ¢–≈Õº∆¨_20230404175355.jpg,0
C:/Users/beichen/dataset/pork\class1\Œ¢–≈Õº∆¨_2023040417535510.jpg,0
C:/Users/beichen/dataset/pork\class1\Œ¢–≈Õº∆¨_202304041753551.jpg,0
C:/Users/beichen/dataset/pork\class2\IMG20230327150242.jpg.JPG,1
C:/Users/beichen/dataset/pork\class2\IMG20230327151034.jpg,1
C:/Users/beichen/dataset/pork\class1\314a43714111772cac59f3eaf6b7dbdb.jpg,0
C:/Users/beichen/dataset/pork\class1\Œ¢–≈Õº∆¨_20230329160541.jpg,0
C:/Users/beichen/dataset/pork\class1\IMG_20230327_154807.jpg,0
C:/Users/beichen/dataset/pork\class1\IMG_20230327_154418.jpg,0
C:/Users/beichen/dataset/pork\class2\IMG20230327145131.jpg.JPG,1
C:/Users/beichen/dataset/pork\class1\IMG_2349.jpg,0
C:/Users/beichen/dataset/pork\class1\Œ¢–≈Õº∆¨_2023040417535640.jpg,0
C:/Users/beichen/dataset/pork\class1\IMG_20230327_154713.jpg,0
C:/Users/beichen/dataset/pork\class2\Œ¢–≈Õº∆¨_2023040417535646.jpg,1
C:/Users/beichen/dataset/pork\class2\IMG20230327154412.jpg,1
C:/Users/beichen/dataset/pork\class1\IMG_2362.jpg,0
C:/Users/beichen/dataset/pork\class1\IMG_20230327_143335.jpg,0
C:/Users/beichen/dataset/pork\class1\IMG_20230329_074926.jpg,0
C:/Users/beichen/dataset/pork\class2\IMG_2341.jpg,1
C:/Users/beichen/dataset/pork\class2\IMG20230327151302.jpg,1
C:/Users/beichen/dataset/pork\class1\IMG_20230329_073000.jpg,0
C:/Users/beichen/dataset/pork\class1\Œ¢–≈Õº∆¨_202304041753565.jpg,0
C:/Users/beichen/dataset/pork\class1\IMG_20230327_154540.jpg,0
C:/Users/beichen/dataset/pork\class2\IMG20230329174445.jpg,1
C:/Users/beichen/dataset/pork\class2\IMG20230329073339.jpg,1
C:/Users/beichen/dataset/pork\class1\IMG_2443.jpg,0
C:/Users/beichen/dataset/pork\class1\Œ¢–≈Õº∆¨_2023040417535516.jpg,0
C:/Users/beichen/dataset/pork\class2\IMG20230329075122.jpg,1
C:/Users/beichen/dataset/pork\class2\IMG20230329073623.jpg,1
C:/Users/beichen/dataset/pork\class2\IMG20230327150050.jpg.JPG,1
C:/Users/beichen/dataset/pork\class1\IMG_20230327_154826.jpg,0
C:/Users/beichen/dataset/pork\class1\Œ¢–≈Õº∆¨_202303291602312.jpg,0
C:/Users/beichen/dataset/pork\class1\Œ¢–≈Õº∆¨_202304041753578.jpg,0
C:/Users/beichen/dataset/pork\class1\IMG_2433.jpg,0
C:/Users/beichen/dataset/pork\class1\IMG_2354.jpg,0
C:/Users/beichen/dataset/pork\class1\Œ¢–≈Õº∆¨_20230329160729.jpg,0
C:/Users/beichen/dataset/pork\class1\Œ¢–≈Õº∆¨_2023040417535627.jpg,0
C:/Users/beichen/dataset/pork\class1\Œ¢–≈Õº∆¨_202304041753572.jpg,0
C:/Users/beichen/dataset/pork\class1\Œ¢–≈Õº∆¨_202304041753552.jpg,0
C:/Users/beichen/dataset/pork\class1\IMG_2420.jpg,0
C:/Users/beichen/dataset/pork\class1\IMG_2467.jpg,0
C:/Users/beichen/dataset/pork\class2\IMG_20230329_080849.jpg.JPG,1
C:/Users/beichen/dataset/pork\class1\Œ¢–≈Õº∆¨_202303291549041.jpg,0
C:/Users/beichen/dataset/pork\class1\Œ¢–≈Õº∆¨_20230329160545.jpg,0
C:/Users/beichen/dataset/pork\class1\Œ¢–≈Õº∆¨_20230329160749.jpg,0
C:/Users/beichen/dataset/pork\class2\IMG20230329073459.jpg.JPG,1
C:/Users/beichen/dataset/pork\class1\Œ¢–≈Õº∆¨_2023040417535620.jpg,0
C:/Users/beichen/dataset/pork\class2\IMG20230329173550.jpg,1
C:/Users/beichen/dataset/pork\class1\IMG_2394.jpg,0
C:/Users/beichen/dataset/pork\class1\IMG_20230327_154722.jpg,0
C:/Users/beichen/dataset/pork\class1\IMG_20230327_151526.jpg,0
C:/Users/beichen/dataset/pork\class2\IMG20230327150059.jpg,1
C:/Users/beichen/dataset/pork\class1\IMG_2406.jpg,0
C:/Users/beichen/dataset/pork\class2\IMG20230329074917.jpg.JPG,1
C:/Users/beichen/dataset/pork\class1\IMG_2383.jpg,0
C:/Users/beichen/dataset/pork\class2\IMG20230329073459.jpg,1
C:/Users/beichen/dataset/pork\class1\IMG_20230329_074930.jpg,0
C:/Users/beichen/dataset/pork\class2\IMG20230327151044.jpg,1
C:/Users/beichen/dataset/pork\class2\Œ¢–≈Õº∆¨_2023040417535615.jpg,1
C:/Users/beichen/dataset/pork\class1\Œ¢–≈Õº∆¨_20230329160735.jpg,0
C:/Users/beichen/dataset/pork\class2\IMG_20230329_080801.jpg.JPG,1
C:/Users/beichen/dataset/pork\class2\IMG_2338.jpg,1
C:/Users/beichen/dataset/pork\class2\IMG20230327143157.jpg,1
C:/Users/beichen/dataset/pork\class1\IMG_20230327_154448.jpg,0
C:/Users/beichen/dataset/pork\class1\Œ¢–≈Õº∆¨_20230329154825.jpg,0
C:/Users/beichen/dataset/pork\class1\Œ¢–≈Õº∆¨_20230329161104.jpg,0
C:/Users/beichen/dataset/pork\class1\Œ¢–≈Õº∆¨_202303291608291.jpg,0
C:/Users/beichen/dataset/pork\class1\IMG_20230329_072857.jpg,0
C:/Users/beichen/dataset/pork\class1\IMG_20230327_154701.jpg,0
C:/Users/beichen/dataset/pork\class1\IMG_20230327_151353.jpg,0
C:/Users/beichen/dataset/pork\class1\IMG_20230329_074928.jpg,0
C:/Users/beichen/dataset/pork\class2\IMG20230329174430.jpg.JPG,1
C:/Users/beichen/dataset/pork\class1\Œ¢–≈Õº∆¨_20230329160727.jpg,0
C:/Users/beichen/dataset/pork\class1\IMG_20230327_145143.jpg,0
C:/Users/beichen/dataset/pork\class1\Œ¢–≈Õº∆¨_202303291549051.jpg,0
C:/Users/beichen/dataset/pork\class1\IMG_2376.jpg,0
C:/Users/beichen/dataset/pork\class1\Œ¢–≈Õº∆¨_2023040417535642.jpg,0
C:/Users/beichen/dataset/pork\class1\Œ¢–≈Õº∆¨_2023040417535637.jpg,0
C:/Users/beichen/dataset/pork\class1\Œ¢–≈Õº∆¨_20230329160547.jpg,0
C:/Users/beichen/dataset/pork\class1\IMG_2451.jpg,0
C:/Users/beichen/dataset/pork\class2\IMG_2364.jpg,1
C:/Users/beichen/dataset/pork\class1\Œ¢–≈Õº∆¨_20230329154905.jpg,0
C:/Users/beichen/dataset/pork\class1\IMG_2435.jpg,0
C:/Users/beichen/dataset/pork\class2\IMG_20230329_075018.jpg.JPG,1
C:/Users/beichen/dataset/pork\class1\Œ¢–≈Õº∆¨_2023040417535519.jpg,0
C:/Users/beichen/dataset/pork\class2\IMG20230329072950.jpg.JPG,1
C:/Users/beichen/dataset/pork\class1\IMG_2384.jpg,0
C:/Users/beichen/dataset/pork\class1\IMG_20230327_150120.jpg,0
C:/Users/beichen/dataset/pork\class1\IMG_2430.jpg,0
C:/Users/beichen/dataset/pork\class2\5bc952271e16c1d100f8c5383447e2be_O1CN010bUu5L28vIkQOX8Ps_!!0-item_pic.jpg,1
C:/Users/beichen/dataset/pork\class1\IMG_2371.jpg,0
C:/Users/beichen/dataset/pork\class2\Œ¢–≈Õº∆¨_2023040417535711.jpg,1
C:/Users/beichen/dataset/pork\class2\IMG20230327150052.jpg.JPG,1
C:/Users/beichen/dataset/pork\class1\IMG_20230329_072853.jpg,0
C:/Users/beichen/dataset/pork\class1\06e8d71d0dee20e2ec6462ad304385bc.jpg,0
C:/Users/beichen/dataset/pork\class1\IMG_2495.jpg,0
C:/Users/beichen/dataset/pork\class1\IMG_20230327_143307.jpg,0
C:/Users/beichen/dataset/pork\class2\IMG20230329074915.jpg,1
C:/Users/beichen/dataset/pork\class1\IMG_2412.jpg,0
C:/Users/beichen/dataset/pork\class2\IMG20230327154433.jpg.JPG,1
C:/Users/beichen/dataset/pork\class1\IMG_20230329_072936.jpg,0
C:/Users/beichen/dataset/pork\class1\IMG_20230327_154705.jpg,0
C:/Users/beichen/dataset/pork\class2\IMG_2355.jpg,1
C:/Users/beichen/dataset/pork\class1\IMG_20230327_154457.jpg,0
C:/Users/beichen/dataset/pork\class1\IMG_2452.jpg,0
C:/Users/beichen/dataset/pork\class2\IMG20230329073423.jpg,1
C:/Users/beichen/dataset/pork\class2\IMG_20230329_185834.jpg,1
C:/Users/beichen/dataset/pork\class1\Œ¢–≈Õº∆¨_2023040417535514.jpg,0
C:/Users/beichen/dataset/pork\class1\IMG_2346.jpg,0
C:/Users/beichen/dataset/pork\class2\IMG20230327151036.jpg,1
C:/Users/beichen/dataset/pork\class1\Œ¢–≈Õº∆¨_20230329154824.jpg,0
C:/Users/beichen/dataset/pork\class2\IMG20230329073423.jpg.JPG,1
